Sub-Category,total_sales,total_profit
Copiers,149528.03,55617.82
Phones,330007.05,44515.73
Accessories,167380.32,41936.64
Paper,78224.14,33944.24
Binders,203409.17,30228.0
Chairs,327777.76,26567.13
Storage,223843.61,21278.83
Appliances,107532.16,18138.01
Furnishings,91683.02,13052.72
Envelopes,16476.4,6964.18
Art,27107.03,6524.61
Labels,12444.91,5526.38
Machines,189238.63,3384.76
Fasteners,3024.28,949.52
Supplies,46673.54,-1189.1
Bookcases,114880.0,-3472.56
Tables,206965.53,-17725.48
